tabela,arquivo,camada,coluna,tipo,descricao,origem_ou_regra,exemplo
SIH (internações),data/silver/sih_multianual.parquet,silver,ANO_CMPT,texto,Ano da competência: ano em que o hospital apresentou a AIH para pagamento,SIH (RD),2025
SIH (internações),data/silver/sih_multianual.parquet,silver,MES_CMPT,texto,"Mês da competência, com 2 dígitos",SIH (RD),05
SIH (internações),data/silver/sih_multianual.parquet,silver,N_AIH,texto,"Número da AIH (Autorização de Internação Hospitalar). Identifica a internação, não a pessoa",SIH (RD),5220103703310
SIH (internações),data/silver/sih_multianual.parquet,silver,IDENT,texto,Tipo da AIH. Ver códigos,SIH (RD),1
SIH (internações),data/silver/sih_multianual.parquet,silver,SEQ_AIH5,texto,Sequencial da AIH de longa permanência. Em Goiás vem sempre 000,SIH (RD),000
SIH (internações),data/silver/sih_multianual.parquet,silver,CNES,texto,Código do hospital no Cadastro Nacional de Estabelecimentos de Saúde (7 dígitos),SIH (RD),6665322
SIH (internações),data/silver/sih_multianual.parquet,silver,MUNIC_RES,texto,"Município onde o paciente mora (código IBGE de 6 dígitos, sem o dígito verificador)",SIH (RD),521930
SIH (internações),data/silver/sih_multianual.parquet,silver,MUNIC_MOV,texto,"Município onde fica o hospital (onde a internação aconteceu), 6 dígitos",SIH (RD),520870
SIH (internações),data/silver/sih_multianual.parquet,silver,DT_INTER,data,Data de entrada do paciente no hospital,SIH (RD); convertida para data em src/transform/sih.py,2025-01-25
SIH (internações),data/silver/sih_multianual.parquet,silver,DT_SAIDA,texto,"Data de saída (alta, transferência ou óbito), no formato AAAAMMDD",SIH (RD),20250204
SIH (internações),data/silver/sih_multianual.parquet,silver,DIAS_PERM,texto (número),Dias de permanência. É o leito-dia da internação,SIH (RD),3
SIH (internações),data/silver/sih_multianual.parquet,silver,UTI_MES_TO,texto (número),Total de dias em UTI na internação. 0 = não usou UTI,SIH (RD),0
SIH (internações),data/silver/sih_multianual.parquet,silver,VAL_TOT,texto (número),"Valor total pago pelo SUS pela internação, em R$. Não é o custo real do hospital",SIH (RD),485.78
SIH (internações),data/silver/sih_multianual.parquet,silver,DIAG_PRINC,texto,"Diagnóstico principal pela CID-10. A 1ª letra indica o capítulo (J = respiratório, I = circulatório…)",SIH (RD),J189
SIH (internações),data/silver/sih_multianual.parquet,silver,MORTE,texto,Indica se o paciente morreu na internação. Ver códigos,SIH (RD),0
SIH (internações),data/silver/sih_multianual.parquet,silver,ESPEC,texto,Especialidade do leito em que o paciente ficou. Ver códigos,SIH (RD),03
SIH (internações),data/silver/sih_multianual.parquet,silver,PROC_REA,texto,"Procedimento realizado, pela tabela SIGTAP (10 dígitos). Define o valor pago",SIH (RD),0303140151
SIH (internações),data/silver/sih_multianual.parquet,silver,CAR_INT,texto,"Caráter da internação (eletiva, urgência, acidente). Ver códigos",SIH (RD),02
SIH (internações),data/silver/sih_multianual.parquet,silver,SEXO,texto,Sexo do paciente. Ver códigos,SIH (RD) · chega na silver ao rodar python -m src.promover_silver,3
SIH (internações),data/silver/sih_multianual.parquet,silver,IDADE,texto (número),"Idade do paciente, na unidade indicada por COD_IDADE",SIH (RD) · chega na silver ao rodar python -m src.promover_silver,27
SIH (internações),data/silver/sih_multianual.parquet,silver,COD_IDADE,texto,"Unidade da idade (dias, meses, anos). Ver códigos",SIH (RD) · chega na silver ao rodar python -m src.promover_silver,4
SIH (internações),data/silver/sih_multianual.parquet,silver,GESTAO,texto,Tipo de gestão do hospital. Ver códigos,SIH (RD) · chega na silver ao rodar python -m src.promover_silver,1
SIH (internações),data/silver/sih_multianual.parquet,silver,ARQUIVO_ORIGEM,texto,Nome do arquivo mensal do DATASUS de onde veio a linha (RDGO + AAMM),Criada em src/extract/sih.py,RDGO2505.dbc
CNES (leitos),data/silver/cnes_multianual.parquet,silver,CNES,texto,Código do estabelecimento de saúde (7 dígitos),CNES (LT),9331603
CNES (leitos),data/silver/cnes_multianual.parquet,silver,CODUFMUN,texto,Município do estabelecimento (código IBGE de 6 dígitos),CNES (LT),520010
CNES (leitos),data/silver/cnes_multianual.parquet,silver,TP_UNID,texto,"Tipo de unidade (hospital geral, especializado, unidade mista…). Ver códigos",CNES (LT),05
CNES (leitos),data/silver/cnes_multianual.parquet,silver,TP_LEITO,texto,"Grande tipo de leito (cirúrgico, clínico, complementar/UTI…). Ver códigos",CNES (LT),2
CNES (leitos),data/silver/cnes_multianual.parquet,silver,CODLEITO,texto,"Tipo detalhado do leito (ex.: 33 clínica geral, 75 UTI adulto tipo II)",CNES (LT),33
CNES (leitos),data/silver/cnes_multianual.parquet,silver,QT_EXIST,número,Quantidade de leitos existentes daquele tipo,CNES (LT); convertida para número em src/transform/cnes.py,9
CNES (leitos),data/silver/cnes_multianual.parquet,silver,QT_SUS,número,Quantidade desses leitos disponíveis para o SUS,CNES (LT); convertida para número,9
CNES (leitos),data/silver/cnes_multianual.parquet,silver,QT_NSUS,número,Quantidade de leitos não SUS (planos e particulares),CNES (LT); convertida para número,0
CNES (leitos),data/silver/cnes_multianual.parquet,silver,COMPETEN,texto,Competência (mês de referência) no formato AAAAMM,CNES (LT),202101
CNES (leitos),data/silver/cnes_multianual.parquet,silver,ARQUIVO_ORIGEM,texto,Arquivo mensal de origem (LTGO + AAMM),Criada em src/extract/cnes.py,LTGO2101.dbc
CNES (leitos),data/silver/cnes_multianual.parquet,silver,ANO,número,"Ano da competência, tirado do nome do arquivo",Criada em src/transform/cnes.py,2021
CNES (leitos),data/silver/cnes_multianual.parquet,silver,MES,número,"Mês da competência, tirado do nome do arquivo",Criada em src/transform/cnes.py,1
IBGE (população),data/silver/populacao_multianual.parquet,silver,uf,texto,Sigla do estado,IBGE,GO
IBGE (população),data/silver/populacao_multianual.parquet,silver,cod_uf,texto,Código do estado (2 dígitos). Goiás = 52,IBGE,52
IBGE (população),data/silver/populacao_multianual.parquet,silver,cod_municipio,texto,Parte do código do município dentro do estado (5 dígitos),IBGE,08707
IBGE (população),data/silver/populacao_multianual.parquet,silver,municipio,texto,Nome do município,IBGE,Goiânia
IBGE (população),data/silver/populacao_multianual.parquet,silver,populacao,número inteiro,População do município no ano de referência,IBGE; limpa em src/transform/populacao.py,1503256
IBGE (população),data/silver/populacao_multianual.parquet,silver,codigo_ibge_7,texto,Código IBGE completo (7 dígitos). Os 6 primeiros batem com os códigos do SIH e do CNES,cod_uf + cod_municipio,5208707
IBGE (população),data/silver/populacao_multianual.parquet,silver,ano_referencia,número,Ano a que a população se refere (2021 a 2026),Criada em src/transform/populacao.py,2025
IBGE (população),data/silver/populacao_multianual.parquet,silver,ano_publicacao,número,Ano em que o IBGE publicou o dado. Vazio em 2023 (valor calculado pelo projeto),Criada em src/transform/populacao.py,2025
IBGE (população),data/silver/populacao_multianual.parquet,silver,origem,texto,IBGE ou “Cálculo próprio com dados IBGE” (2023),Criada em src/transform/populacao.py,IBGE
IBGE (população),data/silver/populacao_multianual.parquet,silver,tipo_dado,texto,"Tipo da fonte: estimativa anual, Censo 2022 (TCU) ou interpolação 2022–2024",Criada em src/transform/populacao.py,Estimativa populacional
GiroSUS · fato_internacoes,data/gold/girosus/fato_internacoes.csv,gold,chave_aih,texto,Número da internação,N_AIH,5225100458160
GiroSUS · fato_internacoes,data/gold/girosus/fato_internacoes.csv,gold,safra,número,Ano da competência. Filtro principal do painel (2025),ANO_CMPT,2025
GiroSUS · fato_internacoes,data/gold/girosus/fato_internacoes.csv,gold,competencia,data,1º dia do mês da competência,ANO_CMPT + MES_CMPT,2025-02-01
GiroSUS · fato_internacoes,data/gold/girosus/fato_internacoes.csv,gold,data_internacao,data,Data de entrada,DT_INTER,2025-01-25
GiroSUS · fato_internacoes,data/gold/girosus/fato_internacoes.csv,gold,data_saida,data,Data de saída,DT_SAIDA,2025-02-04
GiroSUS · fato_internacoes,data/gold/girosus/fato_internacoes.csv,gold,cnes,texto,Hospital (7 dígitos),CNES,0965324
GiroSUS · fato_internacoes,data/gold/girosus/fato_internacoes.csv,gold,munic_residencia,texto,Município onde o paciente mora,MUNIC_RES,522140
GiroSUS · fato_internacoes,data/gold/girosus/fato_internacoes.csv,gold,munic_atendimento,texto,Município do hospital,MUNIC_MOV,520870
GiroSUS · fato_internacoes,data/gold/girosus/fato_internacoes.csv,gold,cid,texto,Diagnóstico principal,DIAG_PRINC,J181
GiroSUS · fato_internacoes,data/gold/girosus/fato_internacoes.csv,gold,proc_rea,texto,Procedimento realizado,PROC_REA,0303140151
GiroSUS · fato_internacoes,data/gold/girosus/fato_internacoes.csv,gold,leito_dias,número,Dias de internação = leitos-dia,DIAS_PERM,10
GiroSUS · fato_internacoes,data/gold/girosus/fato_internacoes.csv,gold,tempo_tipico,número,Mediana de dias do mesmo procedimento na mesma safra,mediana(DIAS_PERM) por safra e PROC_REA,4
GiroSUS · fato_internacoes,data/gold/girosus/fato_internacoes.csv,gold,dias_acima_tipico,número,Dias além do tempo típico (0 se ficou menos),"max(0, leito_dias − tempo_tipico)",6
GiroSUS · fato_internacoes,data/gold/girosus/fato_internacoes.csv,gold,faixa_duracao,texto,"Faixa de duração: 0 dia, 1–3, 4–7, 8–15, 16–30, > 30",a partir de leito_dias,8–15
GiroSUS · fato_internacoes,data/gold/girosus/fato_internacoes.csv,gold,ordem_faixa,número,"Ordem da faixa (1 a 6), só para classificar no Power BI",a partir de faixa_duracao,4
GiroSUS · fato_internacoes,data/gold/girosus/fato_internacoes.csv,gold,fl_fora_municipio,número (0/1),1 = internado fora do município onde mora,MUNIC_RES ≠ MUNIC_MOV,1
GiroSUS · fato_internacoes,data/gold/girosus/fato_internacoes.csv,gold,fl_uti,número (0/1),1 = passou pela UTI,UTI_MES_TO > 0,0
GiroSUS · fato_internacoes,data/gold/girosus/fato_internacoes.csv,gold,dias_uti,número,Dias de UTI,UTI_MES_TO,0
GiroSUS · fato_internacoes,data/gold/girosus/fato_internacoes.csv,gold,valor_pago,número (R$),Valor pago pelo SUS,VAL_TOT,753.34
GiroSUS · fato_internacoes,data/gold/girosus/fato_internacoes.csv,gold,valor_uti,número (R$),Parte do valor paga pela UTI. Vazio se os arquivos brutos não estiverem na máquina,VAL_UTI (data/raw/sih),0.00
GiroSUS · fato_ocupacao_diaria,data/gold/girosus/fato_ocupacao_diaria.csv,gold,cnes,texto,Hospital,CNES,7743068
GiroSUS · fato_ocupacao_diaria,data/gold/girosus/fato_ocupacao_diaria.csv,gold,data,data,Dia (01/01/2021 a 30/06/2026),calendário,2025-05-20
GiroSUS · fato_ocupacao_diaria,data/gold/girosus/fato_ocupacao_diaria.csv,gold,grupo_doenca,texto,Grupo de doença (capítulo da CID-10),DIAG_PRINC,Respiratório
GiroSUS · fato_ocupacao_diaria,data/gold/girosus/fato_ocupacao_diaria.csv,gold,pacientes_internados,número,Pacientes internados no dia: entrada ≤ dia e saída > dia,"DT_INTER, DT_SAIDA",422
GiroSUS · fato_ocupacao_diaria,data/gold/girosus/fato_ocupacao_diaria.csv,gold,entradas,número,Internações que começaram no dia,DT_INTER,94
GiroSUS · fato_ocupacao_diaria,data/gold/girosus/fato_ocupacao_diaria.csv,gold,altas,número,Saídas no dia,DT_SAIDA,88
GiroSUS · dim_tempo,data/gold/girosus/dim_tempo.csv,gold,data,data,Dia do calendário (2020 a 2026),gerado pelo script,2025-05-20
GiroSUS · dim_tempo,data/gold/girosus/dim_tempo.csv,gold,ano / mes / trimestre,número,"Ano, mês e trimestre da data",data,2025 / 5 / 2
GiroSUS · dim_tempo,data/gold/girosus/dim_tempo.csv,gold,nome_mes,texto,Mês abreviado (jan…dez). Classificar por mes,data,mai
GiroSUS · dim_tempo,data/gold/girosus/dim_tempo.csv,gold,ano_mes,texto,AAAA-MM,data,2025-05
GiroSUS · dim_tempo,data/gold/girosus/dim_tempo.csv,gold,dia_semana,número,1 = segunda … 7 = domingo,data,2
GiroSUS · dim_tempo,data/gold/girosus/dim_tempo.csv,gold,nome_dia,texto,seg…dom. Classificar por dia_semana,data,ter
GiroSUS · dim_tempo,data/gold/girosus/dim_tempo.csv,gold,fl_fim_semana,número (0/1),1 = sábado ou domingo,data,0
GiroSUS · dim_diagnostico,data/gold/girosus/dim_diagnostico.csv,gold,cid,texto,Código CID-10,DIAG_PRINC,J189
GiroSUS · dim_diagnostico,data/gold/girosus/dim_diagnostico.csv,gold,capitulo,texto,1ª letra do CID,DIAG_PRINC,J
GiroSUS · dim_diagnostico,data/gold/girosus/dim_diagnostico.csv,gold,grupo_doenca,texto,"Grupo: Lesões e traumas, Respiratório, Circulatório, Infecciosas, Digestivo, Gravidez e parto, Câncer, Saúde mental…",capítulo da CID-10 (D00–D48 = Câncer; D50–D89 = Sangue; S e T = Lesões e traumas),Respiratório
GiroSUS · dim_procedimento,data/gold/girosus/dim_procedimento.csv,gold,proc_rea,texto,Código do procedimento SIGTAP,PROC_REA,0303140151
GiroSUS · dim_procedimento,data/gold/girosus/dim_procedimento.csv,gold,diagnostico_mais_comum,texto,CID que mais aparece com esse procedimento,DIAG_PRINC,J189
GiroSUS · dim_procedimento,data/gold/girosus/dim_procedimento.csv,gold,tempo_tipico_2025,número,Mediana de dias do procedimento na safra 2025,DIAS_PERM,4
GiroSUS · dim_procedimento,data/gold/girosus/dim_procedimento.csv,gold,nome_procedimento,texto,Nome oficial. Vem em branco: preencher pela tabela SIGTAP,manual,Tratamento de pneumonias ou influenza (gripe)
GiroSUS · dim_hospital,data/gold/girosus/dim_hospital.csv,gold,cnes,texto,Código do hospital,CNES,0965324
GiroSUS · dim_hospital,data/gold/girosus/dim_hospital.csv,gold,municipio_atendimento,texto,Município do hospital (o mais frequente para o CNES),MUNIC_MOV,520870
GiroSUS · dim_hospital,data/gold/girosus/dim_hospital.csv,gold,nome_municipio,texto,Nome do município,tabela do IBGE,Goiânia
GiroSUS · dim_hospital,data/gold/girosus/dim_hospital.csv,gold,nome_hospital,texto,Nome do hospital. Vem em branco: preencher pela consulta pública do CNES,manual,
GiroSUS · dim_municipio_residencia / dim_municipio_atendimento,data/gold/girosus/dim_municipio_*.csv,gold,codigo,texto,Código do município (6 dígitos),MUNIC_RES / MUNIC_MOV,522140
GiroSUS · dim_municipio_residencia / dim_municipio_atendimento,data/gold/girosus/dim_municipio_*.csv,gold,nome,texto,Nome do município,tabela do IBGE,Trindade
GiroSUS · dim_municipio_residencia / dim_municipio_atendimento,data/gold/girosus/dim_municipio_*.csv,gold,uf,texto,Estado,tabela do IBGE,GO
GiroSUS · dim_municipio_residencia / dim_municipio_atendimento,data/gold/girosus/dim_municipio_*.csv,gold,fl_goias,número (0/1),1 = município de Goiás (código começa com 52),codigo,1
